{
 "actions": [],
 "creation": "2018-01-02 15:48:58.768352",
 "doctype": "DocType",
 "editable_grid": 1,
 "engine": "InnoDB",
 "field_order": [
  "company",
  "cgst_account",
  "sgst_account",
  "igst_account",
  "cess_account",
  "utgst_account",
  "is_reverse_charge_account"
 ],
 "fields": [
  {
   "columns": 1,
   "fieldname": "company",
   "fieldtype": "Link",
   "in_list_view": 1,
   "label": "Company",
   "options": "Company",
   "reqd": 1
  },
  {
   "columns": 2,
   "fieldname": "cgst_account",
   "fieldtype": "Link",
   "in_list_view": 1,
   "label": "CGST Account",
   "options": "Account",
   "reqd": 1
  },
  {
   "columns": 2,
   "fieldname": "sgst_account",
   "fieldtype": "Link",
   "in_list_view": 1,
   "label": "SGST Account",
   "options": "Account",
   "reqd": 1
  },
  {
   "columns": 2,
   "fieldname": "igst_account",
   "fieldtype": "Link",
   "in_list_view": 1,
   "label": "IGST Account",
   "options": "Account",
   "reqd": 1
  },
  {
   "columns": 2,
   "fieldname": "cess_account",
   "fieldtype": "Link",
   "in_list_view": 1,
   "label": "CESS Account",
   "options": "Account"
  },
  {
   "columns": 1,
   "default": "0",
   "fieldname": "is_reverse_charge_account",
   "fieldtype": "Check",
   "in_list_view": 1,
   "label": "Is Reverse Charge Account"
  },
  {
   "fieldname": "utgst_account",
   "fieldtype": "Link",
   "label": "UTGST Account",
   "options": "Account"
  }
 ],
 "index_web_pages_for_search": 1,
 "istable": 1,
 "links": [],
 "modified": "2022-04-07 12:59:14.039768",
 "modified_by": "Administrator",
 "module": "Accounts",
 "name": "GST Account",
 "owner": "Administrator",
 "permissions": [],
 "quick_entry": 1,
 "sort_field": "modified",
 "sort_order": "DESC",
 "states": [],
 "track_changes": 1
}